{
  "managedApiConnections": {
    "wdatp": {
      "api": {
        "id": ""
      },
      "connection": {
        "id": ""
      },
      "connectionRuntimeUrl": "",
      "authentication": {
        "type": "ServicePrincipal",
        "tenant": "",
        "clientId": "",
        "secret": ""
      }
    }
  },
  "functionConnections": {
    "azureFunctionOperation": {
      "function": {
        "id": ""
      },
      "triggerUrl": "",
      "authentication": {
        "type": "QueryString",
        "name": "code",
        "value": ""
      }
    }
  }
}

{
  "managedApiConnections": {
    "wdatp": {}
  },
  "functionConnections": {
    "azureFunctionOperation": {
      }
    }
}

