{
    "functionConnections": {
        "azureFunctionOperation": {
            "authentication": {
                "name": "code",
                "type": "QueryString",
                "value": "@appsetting('functionAppKey')"
            },
            "function": {
                "id": "/subscriptions/<sub_id>/resourceGroups/VMRaySatndard/providers/Microsoft.Web/sites/<function_name>/functions/VMRayDefender"
            },
            "triggerUrl": "https://<function_name>.azurewebsites.net/api/VMRayDefender"
        }
    },
    "managedApiConnections": {
        "wdatp": {
            "api": {
                "id": "/subscriptions/<sub_id>/providers/Microsoft.Web/locations/<location>/managedApis/wdatp"
            },
            "authentication": {
                "parameterValues": {
                    "clientId": "@appsetting('AzureClientID')",
                    "clientSecret": "@appsetting('AzureClientSecret')",
                    "resource": "https://api.securitycenter.microsoft.com",
                    "tenantId": "@appsetting('AzureTenantID')"
                },
                "scheme": "Bearer",
                "type": "Raw"
            },
            "connection": {
                "id": "/subscriptions/<sub_id>/resourceGroups/VMRaySatndard/providers/Microsoft.Web/connections/wdatp"
            },
            "connectionRuntimeUrl": "@appsetting('connectionRuntimeUrl')"
        }
    },
    "serviceProviderConnections": {}
}
