{
  "managedApiConnections": {
    "wdatp": {
      "api": {
        "id": "/subscriptions/@{subscription().subscriptionId}/providers/Microsoft.Web/locations/eastus/managedApis/wdatp"
      },
      "connection": {
        "id": "/subscriptions/@{subscription().subscriptionId}/resourceGroups/LogicAppStandard/providers/Microsoft.Web/connections/wdatp"
      },
      "connectionRuntimeUrl": "@appsetting('wdatp_connectionRuntimeUrl')",
      "authentication": {
        "type": "ServicePrincipal",
        "tenant": "@appsetting('AzureTenantID')",
        "clientId": "@appsetting('AzureClientID')",
        "secret": "@appsetting('AzureClientSecret')"
      }
    },
    "serviceProviderConnections": {},
    "functionConnections": {
      "azureFunctionOperation": {
        "function": {
          "id": "/subscriptions/@{subscription().subscriptionId}/resourceGroups/LogicAppStandard/providers/Microsoft.Web/sites/vmraydefenderwxb/functions/VMRayDefender"
        },
        "triggerUrl": "@appsetting('azureFunctionOperation_triggerUrl')",
        "authentication": {
          "type": "QueryString",
          "name": "code",
          "value": "@appsetting('azureFunctionOperation_functionKey')"
        }
      }
    }
  }
}