{
  "managedApiConnections": {
    "wdatp": {
      "api": {
        "id": "/subscriptions/7356a8d4-94f5-4210-a777-f4d6329e1c71/providers/Microsoft.Web/locations/eastus/managedApis/wdatp"
      },
      "connection": {
        "id": "/subscriptions/7356a8d4-94f5-4210-a777-f4d6329e1c71/resourceGroups/VMRaySatndard/providers/Microsoft.Web/connections/wdatp-1"
      },
      "connectionRuntimeUrl": "https://19efc5ebb36d3139.01.common.logic-eastus.azure-apihub.net/apim/wdatp/049caad335a54f58aaf37ccf8ea3dfc4",
      "authentication": {
        "type": "ServicePrincipal",
        "tenant": "@appsetting('AzureTenantID')",
        "clientId": "@appsetting('AzureClientID')",
        "secret": "@appsetting('AzureClientSecret')"
      }
    },
    "serviceProviderConnections": {}
  },
  "functionConnections": {
      "azureFunctionOperation": {
        "function": {
          "id": "/subscriptions/7356a8d4-94f5-4210-a777-f4d6329e1c71/resourceGroups/VMRaySatndard/providers/Microsoft.Web/sites/vmraydefender4rm/functions/VMRayDefender"
        },
        "triggerUrl": "@appsetting('azureFunctionOperation_triggerUrl')",
        "authentication": {
          "type": "QueryString",
          "name": "code",
          "value": "@appsetting('azureFunctionOperation_functionKey')"
        }
      }
    }
}
