{
  "managedApiConnections": {
    "wdatp": {
      "api": {
        "id": "/subscriptions/sub-id/providers/Microsoft.Web/locations/location/managedApis/wdatp"
      },
      "connection": {
        "id": "/subscriptions/sub-id/resourceGroups/VMRaySatndard/providers/Microsoft.Web/connections/wdatp-1"
      },
      "connectionRuntimeUrl": "<>",
      "authentication": {
        "type": "ServicePrincipal",
        "tenant": "@appsetting('AzureTenantID')",
        "clientId": "@appsetting('AzureClientID')",
        "secret": "@appsetting('AzureClientSecret')"
      }
    },
    "serviceProviderConnections": {}
  }
}
