{
  "managedApiConnections": {
    "wdatp": {
      "api": {
        "id": "/subscriptions/7356a8d4-94f5-4210-a777-f4d6329e1c71/providers/Microsoft.Web/locations/eastus/managedApis/wdatp"
      },
      "connection": {
        "id": "/subscriptions/7356a8d4-94f5-4210-a777-f4d6329e1c71/resourceGroups/VMRaySatndard/providers/Microsoft.Web/connections/wdatp"
      },
      "connectionRuntimeUrl": "@appsetting('wdatp_connectionRuntimeUrl')",
      "authentication": {
        "type": "ServicePrincipal",
        "tenant": "dbb63e59-163a-42e1-9426-5c7d231eb68e",
        "clientId": "f3f75577-fc5e-45b3-8a61-4a2740c2eb63",
        "secret": "R_K8Q~ZPWzwGFG08~cmTw4s4rOhi-asRCB4QdaA4"
      }
    }
  },
  "functionConnections": {
    "azureFunctionOperation": {
      "function": {
        "id": "/subscriptions/7356a8d4-94f5-4210-a777-f4d6329e1c71/resourceGroups/VMRaySatndard/providers/Microsoft.Web/sites/vmraydefender4rm/functions/VMRayDefender"
      },
      "triggerUrl": "https://vmraydefender4rm.azurewebsites.net/api/VMRayDefender",
      "authentication": {
        "type": "QueryString",
        "name": "code",
        "value": "zRvTXhQ0T-71Hqffbvhq5X2gigGHF4-PQlreOzPXShJ1AzFuxOwH7A=="
      }
    }
  }
}


