{
    "functionConnections": {
        "azureFunctionOperation": {
            "authentication": {
                "name": "code",
                "type": "QueryString",
                "value": "@appsetting('functionAppKey')"
            },
            "function": {
                "id": "@appsetting('azureFunction_id')"
            },
            "triggerUrl": "@appsetting('azureFunctionOperation_triggerUrl')"
        }
    },
    "managedApiConnections": {
        "wdatp": {
            "api": {
                "id": "@appsetting('api_id')"
            },
            "authentication": {
                "parameterValues": {
                    "clientId": "@appsetting('AzureClientID')",
                    "clientSecret": "@appsetting('AzureClientSecret')",
                    "resource": "https://api.securitycenter.microsoft.com",
                    "tenantId": "@appsetting('AzureTenantID')"
                },
                "scheme": "Bearer",
                "type": "Raw"
            },
            "connection": {
                "id": "@appsetting('connection_id')"
            },
            "connectionRuntimeUrl": "@appsetting('connectionRuntimeUrl')"
        }
    },
    "serviceProviderConnections": {}
}
