{
  "IsEncrypted": false,
  "Values": {
    "FUNCTIONS_EXTENSION_VERSION": "~4",
    "WEBSITE_CONTENTAZUREFILECONNECTIONSTRING": "DefaultEndpointsProtocol=https;AccountName=finaltestingvmray10957d;AccountKey=MldtAJ8VoIOWlq2gnUXO6Czf9jTlLP0INqlTKpYJmoJ+meIZi+erxZeZ8HHoVnFxE4a4TIxETZ42+AStVtZUKg==;EndpointSuffix=core.windows.net",
    "WEBSITE_SITE_NAME": "SubmitDefenderAlertsToVMRayAnalyzer",
    "FUNCTIONS_WORKER_RUNTIME": "dotnet",
    "APP_KIND": "workflowApp",
    "WEBSITE_AUTH_ENABLED": "False",
    "WEBSITE_DEFAULT_HOSTNAME": "submitdefenderalertstovmrayanalyzer.azurewebsites.net",
    "AzureFunctionsJobHost__extensionBundle__id": "Microsoft.Azure.Functions.ExtensionBundle.Workflows",
    "ScmType": "None",
    "WEBSITE_CONTENTSHARE": "submitdefenderalertstovmrayanalyzer86ae",
    "AzureWebJobsStorage": "DefaultEndpointsProtocol=https;AccountName=finaltestingvmray10957d;AccountKey=MldtAJ8VoIOWlq2gnUXO6Czf9jTlLP0INqlTKpYJmoJ+meIZi+erxZeZ8HHoVnFxE4a4TIxETZ42+AStVtZUKg==;EndpointSuffix=core.windows.net",
    "FUNCTIONS_RUNTIME_SCALE_MONITORING_ENABLED": "1",
    "AzureFunctionsJobHost__extensionBundle__version": "[1.*, 2.0.0)",
    "WEBSITE_SLOT_NAME": "Production",
    "azureFunctionOperation_functionAppKey": "ST2xWWsw9sfCJe45uOCbkLIDmRH5ZZyUt3xx7Z8oK3YmAzFuiBiPnQ==",
    "APPLICATIONINSIGHTS_CONNECTION_STRING": "InstrumentationKey=d5c91883-114c-46d8-9995-b196ca147537;IngestionEndpoint=https://eastus-8.in.applicationinsights.azure.com/;LiveEndpoint=https://eastus.livediagnostics.monitor.azure.com/;ApplicationId=0ba38f76-49da-48e4-9899-243961968e2e",
    "WEBSITE_NODE_DEFAULT_VERSION": "20.18.3",
    "FUNCTIONS_INPROC_NET8_ENABLED": "1"
  }
}