{
    "managedApiConnections": {
        "wdatp": {
            "api": {
                "id": "/subscriptions/@appsetting('WORKFLOWS_SUBSCRIPTION_ID')/providers/Microsoft.Web/locations/@appsetting('WORKFLOWS_LOCATION')/managedApis/wdatp"
            },
            "connection": {
                "id": "/subscriptions/@appsetting('WORKFLOWS_SUBSCRIPTION_ID')/resourceGroups/@appsetting('WORKFLOWS_RESOURCE_GROUP_NAME')/providers/Microsoft.Web/connections/wdatp"
            },
            "connectionRuntimeUrl": "@appsetting('WORKFLOWS_LA_WDATP_CONNECTION_RUNTIME_URL')",
            "authentication": {
                "type": "ManagedServiceIdentity"
            }
        },
        "azuresentinel": {
            "api": {
                "id": "/subscriptions/@appsetting('WORKFLOWS_SUBSCRIPTION_ID')/providers/Microsoft.Web/locations/@appsetting('WORKFLOWS_LOCATION')/managedApis/azuresentinel"
            },
            "connection": {
                "id": "/subscriptions/@appsetting('WORKFLOWS_SUBSCRIPTION_ID')/resourceGroups/@appsetting('WORKFLOWS_RESOURCE_GROUP_NAME')/providers/Microsoft.Web/connections/azuresentinel"
            },
            "connectionRuntimeUrl": "@appsetting('WORKFLOWS_LA_AZURESENTINEL_CONNECTION_RUNTIME_URL')",
            "authentication": {
                "type": "ManagedServiceIdentity"
            }
        }
    },
    "serviceProviders": {
        "azureFunctionConnection": {
            "displayName": "Azure Function",
            "serviceProvider": {
                "id": "/serviceProviders/AzureFunction"
            },
            "connectionParameters": {
                "triggerUrl": "@appsetting('AZURE_FUNCTION_ENDPOINT')",
                "authentication": {
                    "type": "QueryString",
                    "name": "code",
                    "value": "@appsetting('AZURE_FUNCTION_KEY')"
                }
            }
        }
    }
}