{
    "managedApiConnections": {
        "wdatp": {
            "api": {
                "id": "/subscriptions/@appsetting('WORKFLOWS_SUBSCRIPTION_ID')/providers/Microsoft.Web/locations/@appsetting('WORKFLOWS_LOCATION')/managedApis/wdatp"
            },
            "connection": {
                "id": "/subscriptions/@appsetting('WORKFLOWS_SUBSCRIPTION_ID')/resourceGroups/@appsetting('WORKFLOWS_RESOURCE_GROUP_NAME')/providers/Microsoft.Web/connections/wdatp"
            }
        },
        "azuresentinel": {
            "api": {
                "id": "/subscriptions/@appsetting('WORKFLOWS_SUBSCRIPTION_ID')/providers/Microsoft.Web/locations/@appsetting('WORKFLOWS_LOCATION')/managedApis/azuresentinel"
            },
            "connection": {
                "id": "/subscriptions/@appsetting('WORKFLOWS_SUBSCRIPTION_ID')/resourceGroups/@appsetting('WORKFLOWS_RESOURCE_GROUP_NAME')/providers/Microsoft.Web/connections/azuresentinel"
            },
           "authentication": {
                "type": "ManagedServiceIdentity"
            }
        }
    }
}
