{
    "version": "2.0",
    "functionTimeout": "00:05:00",
    "extensions": {
        "workflow": {
            "settings": {
                "Runtime.Triggers.FlowRunTimeout": "90.00:00:00",
                "Runtime.Triggers.MaximumWaitingRuns": 100,
                "Runtime.FlowRunRetryOptions.IntervalBackoffMultiplier": 2,
                "Runtime.FlowRunRetryOptions.MaximumInterval": "01:00:00",
                "Runtime.Backend.FlowRunTimeout": "90.00:00:00",
                "Runtime.Backend.HealthCheck.Path": "/runtime/webhooks/workflow/api/management/health"
            }
        }
    },
    "extensionBundle": {
        "id": "Microsoft.Azure.Functions.ExtensionBundle.Workflows",
        "version": "[1.*, 2.0.0)"
    }
}