{
  "$schema": "https://schema.management.azure.com/providers/Microsoft.Logic/schemas/2016-06-01/workflowdefinition.json#",
  "contentVersion": "1.0.0.0",
  "parameters": {
    "DefenderAlertSeverity": {
      "defaultValue": [
        "UnSpecified",
        "Informational",
        "Low",
        "Medium",
        "High"
      ],
      "type": "Array",
      "metadata": {
        "description": "Microsoft Defender for Endpoint Alert Severities used for filtering alerts"
      }
    },
    "DefenderAlertStatus": {
      "defaultValue": [
        "New",
        "InProgress"
      ],
      "type": "Array",
      "metadata": {
        "description": "Microsoft Defender for Endpoint Alert Statuses used for filtering alerts"
      }
    },
    "$connections": {
      "defaultValue": {},
      "type": "Object"
    }
  },
  "triggers": {
    "Triggers_-_Trigger_when_new_WDATP_alert_occurs": {
      "type": "ApiConnectionWebhook",
      "inputs": {
        "host": {
          "connection": {
            "name": "@parameters('$connections')['wdatp']['connectionId']"
          }
        },
        "body": {
          "clientState": "flow",
          "changeType": "created",
          "resource": "alerts",
          "expirationDateTime": "2038-09-20T12:00:00Z",
          "notificationUrl": "@listCallbackUrl()"
        },
        "path": "/subscriptions"
      }
    }
  },
  "actions": {},
  "outputs": {}
}